neuron_id,hit_peak,hit_auc,hit_latency,miss_peak,miss_auc,miss_latency,fa_peak,fa_auc,fa_latency,cr_peak,cr_auc,cr_latency
0301_20180323_11_timeseries.mat,0.420175044675402,6.460559853354944,15,0.20080102235078812,-3.679006622434826,30,0.36629044220728035,3.571873710042411,16,0.12069842594332601,-1.5086124215759857,4
0301_20180323_12_timeseries.mat,0.0845572771643111,0.5179226287103207,7,0.1469961446709931,0.6046414838250105,14,0.0665944927613429,0.31226981134465204,9,0.05449817699723338,0.3635398247965974,24
0301_20180323_15_timeseries.mat,0.25609249830068576,4.724933086837615,15,0.21622029738500714,-3.808373359215693,3,0.27053354168082494,2.786757017663399,13,0.09448954803060348,-2.493996448483238,5
0301_20180323_17_timeseries.mat,0.24511422387634715,2.7273293000913643,38,0.41978724155342206,1.4106267850244572,1,0.1905472795615959,2.540967972948969,22,0.1925329226498051,1.0566294978356412,9
0301_20180323_18_timeseries.mat,0.17192121293850332,2.504393634946609,10,0.3061416745185852,-1.296959119591823,0,0.11938097416514568,1.1058475132117533,17,0.19965645646804756,0.25439920747883094,6
0301_20180323_1_timeseries.mat,0.05578254164928304,-1.8775470486991312,35,0.18218793021515012,-0.2765097625172833,38,0.06689927983126265,-0.64018991558514,39,0.07198394424478083,1.135523498423138,1
0301_20180323_21_timeseries.mat,0.07356985565552134,-2.0569476386665317,39,0.1749351150356233,2.4593984554133685,33,0.04915519251360321,-0.7096307347365102,5,0.14612185700159325,1.0092742369865606,26
0301_20180323_22_timeseries.mat,0.1368490888645673,1.5234743236466626,8,0.20503410883247852,-0.20383455804888703,31,0.10627863321603988,1.1638750241429459,12,0.060921770618542245,-0.5886277115972469,3
0301_20180323_26_timeseries.mat,0.2923967663553499,2.8246355986551537,20,0.30601211404427886,0.31049622423840134,33,0.23774432285241417,2.0356105943704996,17,0.14590978744978966,0.25482938997447485,11
0301_20180323_28_timeseries.mat,0.05518579145427793,-0.5732965612823757,17,0.2139178873039782,1.2454035457961556,14,0.07275659783273096,-0.16873386515200967,3,0.10895162021839305,0.5614965968934326,15
0301_20180323_2_timeseries.mat,0.047305773713603796,-1.2484712535578601,3,0.22548366570845246,1.2457649321974409,6,0.0714681010177432,0.44193185106000393,0,0.1023538924606615,1.0882324677124988,22
0301_20180323_36_timeseries.mat,0.043264968148356446,-1.6448083728483753,37,0.2524807043373585,1.4304626599963133,16,0.06950718412796657,0.46417868644593735,4,0.11082986633195296,0.8766812415826215,31
0301_20180323_37_timeseries.mat,0.2358172394590275,3.303019118434305,20,0.26680513843894005,0.544697462770273,2,0.19449569622063825,1.8336782355180274,16,0.07228882522567322,-0.6710503274965991,33
0301_20180323_3_timeseries.mat,0.06985361368285903,-1.5634647459361106,39,0.18148664897307754,1.2929366070699566,24,0.0560191388871959,-0.7618969092001707,2,0.14724025917607114,2.0727505781131246,29
0301_20180323_7_timeseries.mat,0.13532033850926728,-1.4828088491192404,32,0.4548066193237901,3.0448978613288396,35,0.11502175594939093,-0.3238124474664801,36,0.141185973020344,0.7736108802226609,22
0406_20180409_10_timeseries.mat,0.15318886289793637,2.0095993507614667,28,0.08652850848457386,0.8894359539225788,3,0.24236553193380436,1.0963996731136123,32,0.11248209222685546,-0.43395666881244527,4
0406_20180409_13_timeseries.mat,1.041319272030265,24.377137337449525,17,0.47286340885705525,6.999683537254271,3,0.9490577578544617,12.017095880350096,12,1.2241564071349178,13.920209943890866,3
0406_20180409_1_timeseries.mat,0.5131776407361031,11.014302972050743,21,0.18881287535412178,0.5813208720317423,2,0.5695129580174884,5.596302821921805,17,0.23585777737510702,1.2005308569682205,3
0406_20180409_22_timeseries.mat,0.6090786045176848,8.962316618606405,20,0.25432482613400825,3.769761260923108,30,0.3607885790988803,3.1166220230774746,29,1.188403898384422,11.11513784660686,7
0406_20180409_25_timeseries.mat,0.16376178753712484,2.2747956596641776,35,0.03344420876894747,-0.27850618952507694,0,0.22189561339716116,0.44210060743292456,8,0.11045191844459623,0.4568296124463763,8
0406_20180409_2_timeseries.mat,0.309271345170395,2.190115881506704,26,0.18933731937901147,2.8570199354556576,28,0.24769103977208337,-1.0964530265571535,12,0.11793334351386875,-0.22407472685962504,30
0406_20180409_32_timeseries.mat,0.13346286328329193,0.742173243807541,14,0.05372944265869709,0.3166551589523297,19,0.14022798836231232,0.5808579727438173,23,0.14026756677776575,0.5093927518302936,39
0406_20180409_33_timeseries.mat,0.5011729579268684,7.786872077785226,20,0.1114075328185854,0.2954951887663957,39,0.3588877748697996,2.107954046920203,10,0.3574221741873771,-0.003755473383029617,39
0406_20180409_36_timeseries.mat,0.5231761061736653,11.853065528100736,36,0.18182979659327575,2.632073086671568,6,0.3244331351791819,1.8266883944549288,8,0.3379027680493891,2.8182486007895524,6
0406_20180409_4_timeseries.mat,0.1668830574180315,1.9935300906904803,31,0.05444419822250042,0.4444629852350185,11,0.07175665224591891,-0.931742356411026,35,0.11314042767238182,1.3481884973799523,11
0406_20180409_5_timeseries.mat,0.486364932190026,4.82454001439406,13,0.17873016729619498,0.32218194110258674,28,1.3689831780890624,8.562485821648604,11,0.4866266682899247,4.405265888878299,10
0406_20180409_7_timeseries.mat,0.4485163006991629,8.009061611631775,17,0.33879702291902036,3.311482795957921,3,0.3405384477227926,-0.7038069609293919,29,0.5348787158727646,9.904691553085286,20
0406_20180503_11_timeseries.mat,1.1372348873232327,19.47886401507099,14,0.9969281477387995,19.96462875055994,24,1.008290167788284,16.770027404367163,16,0.7896778535925679,17.92474282281128,13
0406_20180503_21_timeseries.mat,0.0745066081177142,0.46939620030742857,0,0.14305085469694698,-0.18108903980122287,1,0.09952380988669897,-0.11900756195151893,0,0.14281586200102336,0.4383564434551874,24
0406_20180503_28_timeseries.mat,0.13792028576067156,1.4551641679972387,11,0.17917027023127852,0.4147790217801801,7,0.10716910836016459,1.2548723406052584,0,0.21060795861348097,1.198640668061583,1
0406_20180503_30_timeseries.mat,0.21981536526137085,1.5031289796186433,8,0.2337060226675342,0.0538435543832533,35,0.14144473580883876,1.9907062206642954,7,0.1892654279867808,1.2639592212728328,3
0406_20180503_37_timeseries.mat,0.06931711743887076,0.6353379359958019,11,0.10153436529285767,-0.0038224973929270184,18,0.08509533166765205,0.49063311439804813,9,0.15150756413737934,1.0082443693506151,13
0406_20180503_3_timeseries.mat,2.895262276677086,59.27705045702008,18,2.6311261202482616,39.96985297709447,11,2.706460061582226,55.97255481907206,17,2.764127567410469,48.298039529865385,9
0406_20180503_41_timeseries.mat,0.16153776183286134,2.2536945542250417,12,0.24870074195239475,1.0315558598217025,18,0.17934340160084708,2.5558997537363903,8,0.18465979028907087,1.3123945573200384,19
0406_20180503_4_timeseries.mat,0.041333011497044936,0.1281299920778039,39,0.20843625383670716,0.07634026963191273,5,0.11681888049295652,0.06880324423494336,5,0.14544678188653457,0.4843274195978194,5
0406_20180503_59_timeseries.mat,0.14433548890930764,1.8565424960946197,15,0.21307036833947196,0.3698173199401365,12,0.1423326258532583,1.7783926282782776,9,0.2711082576877541,1.7910891372624234,33
0406_20180503_5_timeseries.mat,0.34441979827140184,6.3166950782116125,20,0.4498920738149215,6.176876709562267,20,0.43661288340846377,7.959534439771881,31,0.5492496006604698,7.427180733702778,39
0406_20180503_8_timeseries.mat,0.12003769629826659,0.6723695709086884,5,0.08579288334037889,-0.1767855733073791,39,0.09022422373715427,0.3669519562862572,0,0.17859722451927762,0.4466640786190207,36
0406_20180620_11_timeseries.mat,0.8849831989816861,12.155593161314679,12,0.24594174700323493,2.0692299719262035,7,0.7124084995261261,13.447539296197684,18,0.1331943691521883,1.8088187793900332,9
0406_20180620_19_timeseries.mat,0.2497159146853251,0.5407609107802092,6,0.3871249244431965,2.0275479828647804,7,0.23388911967003156,1.9220449073727455,7,0.4985450531169772,4.0410125773054215,8
0406_20180620_41_timeseries.mat,0.39363073730082426,3.457790087100067,10,0.27428665953921155,2.6082710825454947,7,0.31166770088944645,4.251675792248481,10,0.30003534141927957,3.3856434708837577,37
0406_20180620_46_timeseries.mat,0.37378579311440757,3.162701087521714,12,0.14551807306706904,1.048205775167124,15,0.328034216774598,3.4362966388315535,13,0.19667170418426394,2.195638647452918,15
0406_20180620_54_timeseries.mat,0.26586698504153317,1.7400667484228811,5,0.24923597471788525,2.3732728930637066,33,0.16719832148639455,2.6006992524880888,9,0.20572422021999956,1.1793584308920737,20
0406_20180620_55_timeseries.mat,0.13308292252506004,0.2677411542115005,4,0.19657954523863735,1.1626643344456775,29,0.10468062478587002,-0.19951365819824834,3,0.15264283346943558,1.3840977348480372,12
0406_20180620_57_timeseries.mat,0.2664505241231786,2.3111574438155276,12,0.2770549520850182,4.334227102152363,23,0.3851007675633781,3.956865979890815,28,0.2660591412708163,3.3955969199538236,24
0406_20180620_6_timeseries.mat,0.5700555894477868,3.2100796050651925,39,0.8596883710008114,17.80655123820082,1,0.7667832394751409,3.383891273295463,0,0.7749251423031092,13.947487960852639,18
0406_20180620_7_timeseries.mat,0.04030458718814232,-0.23888667131685015,5,0.045581588230561465,0.418889185738711,2,0.035360126680369294,-0.3805260461853341,5,0.07843164389487356,1.0587093117762318,14
0406_20180620_8_timeseries.mat,1.688090270086203,22.71276201187526,9,0.8126656359992921,8.460644215512243,7,1.5054805636967694,26.3721193487507,15,0.5786140260100364,5.052504656211627,8
0406_20180620_9_timeseries.mat,0.038110216369530485,-0.029179010089676542,37,0.07279467423941241,0.19066443008875159,10,0.058117314005300166,-0.2593624023736791,0,0.08588387471158057,0.7382701042846506,29
0410_20180427_13_timeseries.mat,0.6265132568730443,6.698286575992991,9,0.5716123365952323,5.423704367462051,27,0.5898251143309657,5.946844817606108,9,0.35225622349164704,3.138284621450337,30
0410_20180427_17_timeseries.mat,0.29604413415905456,3.103616980694192,9,0.5639633997343481,5.590307719736705,28,0.19765502845214097,2.5896931303041497,9,0.3790915249815126,6.20090164276251,10
0410_20180427_18_timeseries.mat,0.45764826018898147,3.8044194686869774,9,0.7156077072722837,7.178831361004591,15,0.33385826237701716,4.1652571644043554,11,0.468258206106045,5.051779049961124,12
0410_20180427_3_timeseries.mat,0.712063765961171,2.4372784164823247,9,0.41018347077382106,5.287337676277578,28,0.5092855098925225,4.169478835354824,8,0.19682076172056523,3.66648935609617,36
0410_20180427_4_timeseries.mat,0.38449786491451204,7.183944076459979,27,0.37920436076819897,4.328190845364588,36,0.3173485406004392,6.271243940534979,8,0.2866072484572545,3.856177965356795,5
0410_20180427_5_timeseries.mat,0.3661605498426321,6.575914431201189,18,0.49517704515407485,4.732280227647101,17,0.35928458102115485,6.608536785363472,30,0.4903398570689288,5.450120455261222,28
0410_20180503_10_timeseries.mat,0.44089774179046975,7.374003041290203,39,0.7570041418075562,-3.2093685505290828,36,0.38708151906919136,7.686577204698073,28,0.0,0.0,0
0410_20180503_13_timeseries.mat,0.2879673491351887,4.830285875650541,30,0.580923318862915,-5.34458274828891,38,0.32453250649046517,6.182359214167787,28,0.0,0.0,0
0410_20180503_14_timeseries.mat,1.7718371808200464,16.07108312939263,10,3.0944278240203857,26.869010945471622,11,1.3907386632828302,16.543862778528297,9,0.0,0.0,0
0410_20180503_2_timeseries.mat,0.4200122239931986,3.954541757802125,9,1.1413239240646362,6.382105445101236,7,0.35355701231113246,4.332975111925678,10,0.0,0.0,0
0410_20180503_8_timeseries.mat,0.2553215709811297,4.436358641419139,36,0.541198194026947,-4.742077166292195,21,0.27380681123694617,4.964999099234698,32,0.0,0.0,0
0531_20180517_10_timeseries.mat,0.2889408288574697,3.5449821651214477,24,0.23633533333869358,1.659602126440037,7,0.21521206824190042,3.1098474578384874,23,0.32730814361491717,2.810359575158981,18
0531_20180517_11_timeseries.mat,0.4949922584147984,7.656715857720161,25,0.6204772771973359,3.210764624409198,10,0.3384723556575491,6.3444857745455465,11,0.5828139702663631,8.695134216514708,10
0531_20180517_12_timeseries.mat,0.2431967549177083,3.029337805212506,20,0.41403891675566373,1.4468428872562324,12,0.3229987021855343,4.3209094361543245,27,0.31547398079891464,2.2599016541189316,28
0531_20180517_13_timeseries.mat,0.18215838691508707,2.2415515843556695,25,0.31811459519361196,1.515815814440302,21,0.13370622261207254,1.6626472914734367,20,0.19493759673629962,0.978072955338641,15
0531_20180517_20_timeseries.mat,0.06157374974795095,0.1470817938182709,34,0.3395927091570277,1.45531820022836,27,0.07490448703652304,0.6958435957811095,21,0.09725207286710674,0.11157839715733558,29
0531_20180517_21_timeseries.mat,0.0499852306648249,0.2601418126934052,10,0.14190600610240117,0.15794388284567698,0,0.05313715390275772,0.3268765788763652,14,0.12573649132989245,0.5346304448310975,27
0531_20180517_22_timeseries.mat,0.15915929078732785,1.4217378001514154,25,0.296253931463549,0.7042524335975349,32,0.16023259401432613,2.8168532228473473,38,0.22297431161073414,2.2130037460833796,21
0531_20180517_23_timeseries.mat,0.09102701456985851,0.5422405513189685,30,0.3051318025191952,2.462884989894902,37,0.06684353899567466,1.089354697527259,30,0.19220572512445822,1.9373251674256637,27
0531_20180517_24_timeseries.mat,0.31251120047826814,4.181214592475333,24,0.42145008726143524,1.9955720151733738,20,0.33379089108909205,5.135292739293585,23,0.2387945085411539,1.5273060850287277,39
0531_20180517_25_timeseries.mat,0.16162135868704733,3.2820221413228214,20,0.16816189600840994,-1.4889632408137499,9,0.14380162205583727,2.72951007962974,12,0.20490100275020343,1.1550637466268225,26
0531_20180517_28_timeseries.mat,0.02259639799265148,0.11218321937691329,6,0.09409550160757806,0.18493287371504205,21,0.0465032079683348,0.26025405188102163,11,0.06967625788387817,0.25574743957049006,9
0531_20180517_31_timeseries.mat,0.9613703972931865,9.595511796193371,19,1.1332878185142028,13.406239242155847,20,0.9163171244456215,12.448007584224202,21,0.587540135464027,8.249853501012463,20
0531_20180517_32_timeseries.mat,0.07435087708391605,0.32408589181535774,7,0.12862380497512946,0.11180843992731658,37,0.09561688500162288,0.26957376518255116,6,0.17349787368564992,0.5078605245400287,34
0531_20180517_36_timeseries.mat,0.44258628598504535,4.26043032033119,18,0.3895408656252058,3.4592881506306865,29,0.3473868202232751,5.128252402877415,19,0.4138889806848523,3.2808197055894026,17
0531_20180517_3_timeseries.mat,0.11126771348264779,1.4757829815345462,26,0.2027161546835774,1.7909739412859553,39,0.1403067896735683,1.8454386727595493,29,0.2074390101196194,-0.2698061898526911,1
0531_20180517_42_timeseries.mat,0.19584069006290353,2.0122530475626528,14,0.2850329350484045,1.619158118005368,10,0.15949615849927995,2.3193141805831523,12,0.22545280826051492,2.6496617783412657,11
0531_20180517_4_timeseries.mat,0.17684840898613602,1.136636754155495,8,0.3020839814684893,1.815253441777538,6,0.2063793233475319,1.7518374810847226,9,0.2781620445233342,4.054951726841856,36
0531_20180517_5_timeseries.mat,0.12964844140843246,0.5963769120077633,9,0.4179456406518033,1.1152138051029556,15,0.12406472721489248,1.347680883617168,16,0.28834699981569034,1.9273311978673795,0
0531_20180517_7_timeseries.mat,0.08403198488596342,0.8456859400508421,11,0.17947975183395962,0.33575871501938975,30,0.07243517990563174,0.6665009425812675,13,0.13407221084108223,0.7383692915241186,33
0531_20180517_8_timeseries.mat,0.06629510121800226,-0.05517686653895949,32,0.16133635608773483,0.48617781969267265,11,0.061831882784713,0.3857365480157802,28,0.10091977411679723,0.812878575064567,36
0531_20180517_9_timeseries.mat,0.35840653528182126,4.268790675557821,24,0.32616015729543407,0.8226047088289958,16,0.26098170644106733,3.9726627258908525,23,0.2504396355880827,2.8838294287682045,26
0531_20180518_10_timeseries.mat,0.08859722453022474,1.1362307318749756,26,0.14329110362700054,0.5762593578857677,27,0.08909978051570584,1.2782613043871498,7,0.17735901101198243,1.1813312378492102,37
0531_20180518_11_timeseries.mat,1.0728258654781568,17.90298934069392,35,0.5969296698857631,10.972630251622537,6,1.5699031367496328,22.47301234402667,24,0.7360553066981467,8.704197545284652,38
0531_20180518_12_timeseries.mat,1.038549860461468,17.764214596140256,29,0.5055898576442684,5.911710383474738,34,1.0593989488097146,18.801923587596345,26,0.3548068422170585,2.6967847928999134,10
0531_20180518_13_timeseries.mat,0.12917559857029884,2.6270857885454015,30,0.15976600625685283,-0.8540017605021906,33,0.08053951733193904,0.8017149408201109,14,0.0866434445702716,0.1557846280447635,28
0531_20180518_14_timeseries.mat,2.0780114011544932,48.591299906982975,21,0.5178080554519381,7.58504948341066,23,3.804576182817396,43.22990077971458,18,0.34876875755818265,-0.20229892651368342,3
0531_20180518_17_timeseries.mat,0.9935712741981996,11.040704297027773,7,0.47903407333152637,5.727323981848478,7,0.816021585351483,9.404995039870897,17,0.25868649802705795,3.4225807441966967,8
0531_20180518_19_timeseries.mat,0.1555784848739246,1.0540175566124779,12,0.08023130936282022,0.7711196975397233,33,0.10012259175758191,0.638650774129187,13,0.1736610294809859,0.6126485164781041,24
0531_20180518_21_timeseries.mat,0.7873231629209936,14.326865241297732,34,0.39215221176190035,4.552332602463485,15,0.8287868640932886,11.661905464066624,21,0.21403186951290099,1.267216213146219,31
0531_20180518_23_timeseries.mat,0.30619640105134366,3.345719647759075,31,0.1334904502777915,-0.6432011414503603,22,0.14578090123644638,1.1710186003808456,26,0.11736567486731107,0.498353543114026,7
0531_20180518_28_timeseries.mat,0.12476542141950248,1.1230916272197389,21,0.14543715459959847,0.37890534126726416,24,0.06782104431925191,0.5844538542847546,22,0.08032814160565306,0.12258027555190885,16
0531_20180518_29_timeseries.mat,0.2336069470014129,2.9791967193813833,33,0.14046803393783713,-0.7388309443347334,31,0.11414398361765449,0.9190557206191952,23,0.14989255087678893,0.340466248945126,7
0531_20180518_2_timeseries.mat,0.04108375313241451,-0.1306690019761861,1,0.5025714803254232,3.078261623353354,11,0.09641492793389476,0.5334454254127696,3,0.13355565649506293,1.6366319551176187,22
0531_20180518_30_timeseries.mat,0.25643778759986163,3.5405038590420936,28,0.17799313814778414,0.7707954943527944,32,0.1442246416735935,1.2333663560155568,21,0.07995883516534313,-0.5960810994310712,4
0531_20180518_38_timeseries.mat,0.8912676438640215,16.068853123725564,23,0.5261607540505273,7.559791956448073,15,0.812069426949734,13.710100329954185,20,0.28820985487025036,3.580028777136004,22
0531_20180518_3_timeseries.mat,0.2883881142025195,4.014885694076789,23,0.25337024570575783,0.5089211286943672,1,0.13665018259339096,0.7143661123524545,20,0.20943050753129155,1.6425930891517544,31
0531_20180518_40_timeseries.mat,0.19825425079386486,3.6976403900393553,24,0.43692908680864745,3.849065301372181,6,0.21453580652199183,4.177490687090008,7,0.21987440762224428,1.990890640350486,12
0531_20180518_41_timeseries.mat,0.2474781143417778,3.660927587616989,19,0.2874729105204876,2.230659926221484,17,0.14869961534489953,2.396302565600005,1,0.19179656465227404,1.3284523657152743,38
0531_20180518_42_timeseries.mat,0.4599726067365784,5.343190119743168,37,0.24977214567895448,1.3133292478597944,36,0.25665554065826696,3.18628552811232,25,0.2007329252205397,2.522416376603572,4
0531_20180518_43_timeseries.mat,0.10733018486674777,1.8233336178414579,23,0.04701888539961406,-1.681227795610764,2,0.10309673242063495,1.1690276418355328,14,0.061838227569272645,0.07434684130423823,13
0531_20180518_44_timeseries.mat,0.6343290344150246,10.161499792850869,32,0.3368445389504944,3.6591105876241015,6,0.9966854985794538,11.482600154430456,24,0.22262759570424495,0.7028329597002477,17
0531_20180518_4_timeseries.mat,0.38440635744114654,7.3450085012563875,37,0.28232578933238983,-0.45196861872183414,0,0.16424280394451313,3.1699744810949877,8,0.3412324521331149,0.2604554499139129,10
0531_20180518_7_timeseries.mat,0.11967265139775056,1.4935033782642633,17,0.19867871396875542,2.096752819365654,20,0.08492536625330517,1.0394523767644375,20,0.0934620763904317,0.06695943336582563,23
0531_20180518_9_timeseries.mat,0.5396686292743604,9.387183919276945,28,0.11692294254899024,-1.5248751616720777,38,0.28542925096756966,4.132629573514336,24,0.05834283699330531,-1.964763347608206,37
0588_20180828_15_timeseries.mat,0.08789095150216382,1.0546106382241425,22,0.19361436611507088,0.2785218371039566,5,0.08412057334375891,-0.06991367199602724,8,0.06497343222620275,-0.09618886873412062,6
0588_20180828_25_timeseries.mat,0.05555497012235809,0.7453557909131393,19,0.29061677617331344,0.800651144574254,5,0.04726062073321337,0.5171039892807997,25,0.06507757636568239,-0.014512837345909696,8
0588_20180828_2_timeseries.mat,0.025456169457078626,-0.018068940045427032,17,0.14224938955157995,0.7145744703884702,21,0.03028178871296513,0.1016023651859262,5,0.08839490416369611,0.5247234924269528,3
0588_20180828_30_timeseries.mat,0.08978082617352262,1.0957274299404418,21,0.18101895375487706,-0.49229220844184357,16,0.03398099929751395,0.22947283700697307,28,0.08392301694895592,0.14045261250802105,4
0588_20180828_31_timeseries.mat,0.09300022153328134,1.2732068647202734,8,0.24672882143446864,2.2641988016645573,30,0.09832478517756811,0.4852769343043273,10,0.09134322564087567,0.0370931220219449,24
0588_20180828_32_timeseries.mat,0.08086314699266198,0.7596168987476114,18,0.15785543310145536,0.0016654682824285526,18,0.048143289261034214,0.2982315479026966,20,0.06122761100320326,-0.04456280357243808,0
0588_20180828_38_timeseries.mat,0.07909632691717129,0.757402278872809,24,0.17522250581532717,0.9426636894737991,7,0.06823088174346435,0.5178131711716614,24,0.07966887932871619,0.2533149953388572,10
0588_20180828_4_timeseries.mat,0.06992609638115584,0.26116873935606433,1,0.14142047920419523,0.6718253802901016,9,0.09217139727097765,0.6113686328598896,5,0.0883757216487861,1.1411873820727065,6
0588_20180828_5_timeseries.mat,0.3133650887401559,4.932129726343922,25,0.20390382191787162,-0.3730160931461594,5,0.08307967651681743,0.49634500632098416,15,0.07500263063176986,-0.6973216428126644,11
0588_20180828_6_timeseries.mat,0.19841284067985748,1.767207981772039,8,0.17839440233850232,0.018109847150804423,1,0.19293917954114,1.8375729838633372,15,0.136122036706506,-0.0822654609945398,8
0588_20180831_11_timeseries.mat,0.1602016582920731,1.2883621058829782,12,0.1073119515656597,0.9346844675154126,4,0.14896050437761213,0.8653088590950251,10,0.02944111584482426,-0.6284155356592527,19
0588_20180831_4_timeseries.mat,0.053834391191631324,0.7056356609502914,7,0.2391275681891582,0.3519460630831653,1,0.07763609812127632,0.7303119561567324,10,0.04890995514808669,0.38719506911705776,3
0588_20180831_5_timeseries.mat,0.251560673945272,2.1245910462194177,12,0.0830501275550988,-0.2642730426163982,39,0.13118068988391884,1.335161776165387,10,0.024309844545967563,-0.20828787771672852,10
0588_20180904_10_timeseries.mat,0.9844548523748576,15.503949623413648,14,0.18089475908449718,-1.4083484887794055,25,0.8216370977044445,11.650563598177914,11,0.5847169300916815,10.928164069677868,18
0588_20180904_11_timeseries.mat,0.9520348777246194,9.64085980536652,12,1.2791884711810522,10.779955456033347,16,1.1354283229940831,10.11916938409897,14,1.3622077257642824,14.312356756335394,12
0588_20180904_12_timeseries.mat,0.4074540752573265,6.246832091479935,14,0.3976883074002607,3.531242190733749,20,0.4838747117560365,6.513565225593452,13,0.42224250692543724,6.194908727082077,13
0588_20180904_13_timeseries.mat,0.21035361794867202,1.838100837819508,13,0.21469280423064316,1.2571627041934768,9,0.3180478141529838,3.3260769862902193,13,0.24694767563543732,3.0928419153428246,13
0588_20180904_14_timeseries.mat,0.8529176656917781,13.969300040141388,12,0.3091535483087812,-0.01212760571035601,34,0.5970380472578842,8.670736456051186,11,0.2775974391599096,4.556946973514622,9
0588_20180904_15_timeseries.mat,0.472743962335143,7.909991778288064,18,0.31273661819951876,0.014652969644105604,12,0.43407112665249975,5.189304492517914,19,0.3623627590244606,3.1301894287440444,22
0588_20180904_20_timeseries.mat,0.08835698669125844,0.4253703034334971,15,0.16490106816802705,0.08623272459954018,27,0.09314796402903593,1.098780346569291,13,0.08887342378617294,0.5466568721420761,1
0588_20180904_21_timeseries.mat,0.09129170876844325,0.6484153173214566,11,0.15763950135026658,0.2739592798919017,10,0.1442965932863215,1.1306114138893075,12,0.16170823405827245,-0.10485720580909799,9
0588_20180904_22_timeseries.mat,0.1982309300099601,2.1258761046073653,7,0.09516149227108274,0.16506456108098586,12,0.1348313591846785,1.666161905016715,0,0.11137620432324888,1.6051690557721203,2
0588_20180904_23_timeseries.mat,0.11382021120946913,1.9689857879163464,10,0.14064215775579214,-0.3968997546021239,38,0.0712643329689682,0.30196201657852245,12,0.2056032019111538,2.5311175393038163,27
0588_20180904_24_timeseries.mat,0.24974317747124758,3.1923506473359176,14,0.6246392003127507,3.5436685108105017,22,0.25583348671175743,3.5764151293372275,13,0.3292381366294238,1.8492030852990788,17
0588_20180904_27_timeseries.mat,0.05272724750289351,-0.6233205306916278,1,0.18176521520529473,-1.4126541041152363,38,0.06288745170794763,-0.37814531133374946,11,0.09265083463622197,-0.21020910708173152,6
0588_20180904_29_timeseries.mat,0.09101690786232962,0.46257107658361385,25,0.5614070242403874,7.753374592977619,39,0.0668171565090348,0.49770575867506184,21,0.15354696833979217,0.7623937891948731,18
0588_20180904_2_timeseries.mat,0.26729156182180175,4.235204030507059,8,0.3345519133976528,-1.8962402201834179,9,0.3244445223061301,4.843777588365212,9,0.43302229233837175,5.705423325045049,7
0588_20180904_30_timeseries.mat,0.3706538365729849,5.057281683894316,19,0.6774937366800649,7.346026216899709,36,0.40280034765234085,4.379052698460756,16,0.643642702173712,8.189055162618718,18
0588_20180904_31_timeseries.mat,0.11378982665600683,1.3689802229771757,12,0.12440903910568782,-0.7110057891065177,0,0.1333155157187427,1.2943868076892857,11,0.13424370861462048,1.406387019786365,16
0588_20180904_32_timeseries.mat,0.25206414608199673,2.9080345273642405,16,0.2176401082958494,-0.13516319030895826,13,0.37086173644891807,3.2097497889554543,15,0.2555259163491428,2.18956606939353,16
0588_20180904_34_timeseries.mat,0.3396760082118764,2.9215355254433013,13,0.6060903540679387,4.71865374708016,17,0.36719243736729984,3.1504947846626985,13,0.17846338239858947,-0.12663212254197803,34
0588_20180904_35_timeseries.mat,0.057109092701986795,0.19328945187753346,16,0.0749454599406038,-0.0700458505917119,25,0.09435535579666009,0.5618312526231602,15,0.12249502394491085,1.5878562622097907,4
0588_20180904_36_timeseries.mat,0.5431698186498349,8.59528426851237,11,0.9502624722995928,6.289495170970136,35,0.533380011610109,6.254380895903195,10,0.24517701497121203,4.023125564541828,14
0588_20180904_37_timeseries.mat,0.765636887963035,7.2916740106002775,8,0.7772767330918994,5.33183726118434,21,0.8466545110211817,9.697050188433536,8,1.0056404622511999,15.36946932677842,7
0588_20180904_39_timeseries.mat,0.1825153034658068,0.9284099933767234,7,0.5672946021492992,7.411860604191175,32,0.15662800991003267,0.8994816569336122,7,0.17858121416253608,1.2094491819701823,9
0588_20180904_44_timeseries.mat,0.27926142325947345,2.920981439199227,12,0.3258711136877537,2.58182902841474,21,0.3143074225145602,3.2088457971253463,13,0.25988606447654383,2.2383910032329233,12
0588_20180904_46_timeseries.mat,0.05416723704762786,0.17836013727141534,0,0.054695457220077515,-1.326229711786644,0,0.07536381853111146,0.18056598767236492,9,0.07756628388925756,-0.018213636589964756,2
0588_20180904_4_timeseries.mat,2.121894299244945,28.203599464154525,17,2.2433514850480214,13.716027923105726,21,1.8822296901669868,28.253886607976572,16,2.2923389402248207,30.736298768587723,20
0588_20180904_50_timeseries.mat,1.5500496450634058,19.113064856224963,13,1.014880188873836,1.4860319637560426,2,1.7724685107571752,18.656283526827227,11,1.6172583412619368,21.69840326075291,11
0588_20180904_53_timeseries.mat,0.24140298696314547,3.1800445145978045,17,0.25068110493677004,-0.638281374243975,9,0.1518052648259998,1.691415691005611,16,0.3103077845317462,4.508035668669523,12
0588_20180904_54_timeseries.mat,0.05252367100390291,0.6781790669100548,23,1.1561923955700226,21.804909285135743,25,0.07218430328800611,0.33474667282463544,18,0.06781981971993621,0.0027956601586856325,39
0588_20180904_55_timeseries.mat,0.5928227488741511,5.66524492375069,13,0.28815158563000814,1.0358044863179592,30,0.5537666915863467,5.577802973454455,13,0.14400623454111477,0.4801089743390724,11
0588_20180904_5_timeseries.mat,2.0787724435025035,36.41238562283398,18,0.9025833596076284,7.072555519684793,17,1.5453198221732385,26.07680523810423,17,2.1042687849802597,37.928881052104124,20
0588_20180904_7_timeseries.mat,4.199574568812602,47.056994568460155,13,3.4808244747774943,36.28561537179519,15,3.990982715461009,48.09326496757859,13,4.959975465657115,56.14688649145272,13
0588_20180906_16_timeseries.mat,0.14338479847099414,0.9053936431164848,9,0.17894512359052897,0.7829482562102686,1,0.15766829439255178,2.46825958165484,10,0.20303001126100484,0.770631965920764,11
0588_20180906_18_timeseries.mat,0.042734177821437375,0.1784077529209285,27,0.09856899403966964,-0.8230349205337311,4,0.046239490701962226,0.4640227305779162,19,0.053293360757979226,0.2016652846996894,6
0588_20180906_23_timeseries.mat,0.5277342001799672,5.694332292331763,13,0.06183731174096465,-0.4666095106166418,4,0.4496589241006813,4.644691503422791,7,0.07391135394573212,-0.43886116176127166,9
0588_20180906_24_timeseries.mat,0.5825703231624656,7.2063202838840095,15,0.3178085105493665,-0.21153759264643657,6,0.2507989485491785,1.0213745782037704,14,0.09925839953523662,-0.4824929392311904,38
0588_20180906_25_timeseries.mat,0.3303220916906118,2.501755081879988,14,0.2054344085045159,1.1535044483549424,7,0.17736269256880788,1.8300070856331363,16,0.15227189345015366,-0.10055013739997196,6
0588_20180906_5_timeseries.mat,0.146642303023568,1.743065713839766,8,0.11176420984556898,-0.45813156126338683,6,0.05541826048230436,0.23134235504601505,13,0.04675966806218519,-0.3515536881459144,1
0588_20180906_7_timeseries.mat,0.36945507515851844,4.333668216908246,12,0.06584375714883209,-0.9970193078712326,16,0.2635289447199459,2.5712120685071223,15,0.042759409409712304,-0.6694151310356183,8
0588_20180906_9_timeseries.mat,0.8444250628043151,11.746075262339755,17,0.17255919724702834,-1.2038900389423361,12,0.44225116137099035,3.429547091590352,14,0.059444723287494956,-1.6143903883453161,12
0588_20180911_1_timeseries.mat,0.11777422536551341,1.5663355614338137,27,0.1527737001578013,1.3101717797867931,22,0.25228157194964973,3.649555388557166,25,0.20850872332812287,2.737360797687491,21
0588_20180911_31_timeseries.mat,0.05544820396604125,0.7053014472290843,16,0.08893960556015372,0.18791512459633342,11,0.07347905359317347,0.6755993023602859,7,0.03911229927325621,-0.20019264301182696,8
0588_20180925_19_timeseries.mat,0.10151278800036032,0.07364910167233035,3,0.08329972357023507,0.040712642143868535,1,0.1711196766445937,0.7632286307080753,24,0.04383137693435375,-0.8066164772880365,25
0588_20180925_33_timeseries.mat,0.2387429117739411,2.218326826941162,9,0.3668141467496753,0.7942482736349726,8,0.21832961335700626,1.9799454703652968,9,0.3270513663630722,2.525585100821233,9
0588_20180925_7_timeseries.mat,0.15028683012287605,1.0156218961734638,10,0.11204832699149847,-0.011894936961956168,17,0.1018258917509229,0.716918432755233,9,0.16470002308971127,3.8800022749281693,17
0588_20180928_14_timeseries.mat,0.32313067559844416,1.2150060557239937,7,0.38319047167897224,1.3658114546690707,9,0.33219304112126047,1.5302528814426377,7,0.30545519053190945,1.207014617340639,9
0588_20180928_15_timeseries.mat,0.1048957130375075,0.3075399479406073,12,0.08415488729224307,0.2007184683653004,12,0.09370942576131183,0.36191878143401396,12,0.09202489426732063,0.41212732850761186,12
0588_20180928_20_timeseries.mat,0.8703080722860448,4.001875643347742,9,0.7193080579810258,2.9110193841560332,6,0.8905664025543018,3.3612447730968165,9,0.8987256159260869,2.8489496156816507,9
0588_20180928_25_timeseries.mat,0.10244764894763432,0.7895396639845539,6,0.17537566572718788,1.0167461137992817,8,0.13910665194834432,0.6393258667962737,6,0.12161178986355663,1.6943084084380726,5
0588_20180928_2_timeseries.mat,0.07277237413806084,0.22303668400842797,11,0.07553797383378777,0.3575370026496616,10,0.049002696239885186,0.3066932446983032,10,0.05228367510030512,0.5369840199393996,3
0588_20180928_39_timeseries.mat,0.14407940529399818,0.7693387830750658,8,0.18863357804043013,1.7471535572031927,38,0.12831785606132115,-0.24206922854406704,7,0.059094710022211075,-0.64001241750063,7
0588_20180928_3_timeseries.mat,0.1403767922270748,1.0784543516564982,9,0.1892623481237226,0.631649549308484,12,0.1467750351413645,1.0598639291581133,9,0.173971305757761,1.8940730904291847,9
0588_20180928_6_timeseries.mat,1.8061423360158015,24.227640406415894,12,1.4410154442302883,17.78004502899367,13,0.8293969539677604,16.275520099723046,12,1.6188702383339406,27.383512277629073,15
0588_20181001_10_timeseries.mat,0.03662654633250134,0.13615326888718662,0,0.12223355095678319,0.34371051723590224,11,0.05059709615347634,0.15569874718899596,2,0.03946027020360874,0.2781726178597219,15
0588_20181001_11_timeseries.mat,0.4467451776134044,5.134096648814961,13,0.3049516509774895,2.0625899358542124,5,0.38947098524231544,5.7504270386224,6,0.45617570498180166,6.238594380382843,6
0588_20181001_13_timeseries.mat,0.25489600123427575,3.785733348815442,9,0.30801775335289894,3.232649955275563,11,0.347057685235652,2.9546293361911444,7,0.29008861667700586,3.3665866448483115,10
0588_20181001_30_timeseries.mat,0.0723921481407183,0.3759189952523104,6,0.06388161300371091,0.16584452480541562,8,0.06348095347101872,0.3894796771577675,4,0.08159020380559083,0.3353976549900038,6
0588_20181001_32_timeseries.mat,0.1339229184880841,1.0921867782154648,12,0.20616608842586479,2.0363742956708717,13,0.1691428700142859,1.600015868314454,13,0.18868756138637097,1.6530139681333587,11
0588_20181001_3_timeseries.mat,0.2343160811395812,2.1642351503400072,11,0.2412942792399831,1.9650819065666707,11,0.2473826108865075,2.0207391557633954,8,0.3346661677041763,1.8505044213740462,11
0588_20181002_12_timeseries.mat,0.10650173019140494,0.5499298573961955,12,0.1883694449705737,0.5121266186192985,12,0.09224464019342167,0.43233284631063607,10,0.08555291003567424,0.7383499395053549,15
0588_20181002_17_timeseries.mat,0.10809117925819009,1.8842160238369345,14,0.21515626792929002,2.1820682519875905,16,0.12582564273563163,1.831921843965319,17,0.20507657944046437,2.786294315394645,9
0588_20181002_18_timeseries.mat,0.05034832471609116,0.36956237474138715,15,0.14061126964432852,0.6578930983928692,11,0.07212346621776479,0.2876188353702333,12,0.14293373732807788,0.32639801312619426,11
0588_20181002_5_timeseries.mat,0.33406008935999126,4.322266873355343,13,1.2947635849316914,8.316550935947499,12,0.28883027306573583,3.626700061056209,13,0.9963699321242723,10.891311942725624,15
0756_20180823_10_timeseries.mat,0.10383262946085986,0.7823001931579896,15,0.11978975024872593,0.7551895433296176,14,0.08274209072076522,0.5182608023040455,13,0.09908426838334311,0.7544521709274814,13
0756_20180823_11_timeseries.mat,0.053787177122004405,-0.20504107181532824,26,0.09414596476459078,0.0834706791980092,6,0.07168885123126649,0.30119427261977916,38,0.23577013555067508,4.581780947904476,7
0756_20180823_22_timeseries.mat,0.18990391944673393,2.39413974531467,1,0.17240438217829382,1.476855568609088,12,0.3525170105212665,3.343133554048389,14,0.23131083578548647,2.7798965619386626,13
0756_20180823_28_timeseries.mat,0.05809294505823994,-0.05956955400622421,35,0.09693561333447828,0.9725896239864855,2,0.06034071043013482,0.07564225218835757,36,0.29314117265695877,1.1078105342788727,37
0756_20180823_34_timeseries.mat,0.09212010623489525,0.5862920168347706,12,0.09584052731848455,0.5955565887285221,34,0.06271354632534004,0.011797598371347851,4,0.07235218181528828,0.06651738712980387,21
0756_20180823_7_timeseries.mat,0.2975660783404687,6.797789286095157,28,0.14715906782605867,2.163690716622763,28,0.4827590425892805,9.725322477081567,22,0.45290807260369714,10.301136541294259,8
0756_20180823_9_timeseries.mat,0.4137721165719599,5.487754609415145,11,0.2084843293871797,1.928503878611601,13,0.32556004470705496,5.772268527372956,10,0.236146977906835,3.5412689348243562,12
0756_20180925_16_timeseries.mat,0.061364537121208255,-0.30104485261884023,9,0.23362196750938893,1.6479974924953422,9,0.04491967973214143,-0.41387052186861195,9,0.22587153945295585,0.8724751492122851,10
0756_20180925_24_timeseries.mat,0.07799346760513673,0.23555643946065524,2,0.0354454680159688,-0.43498025466998425,4,0.061450780499953686,-0.1531350632025234,38,0.06270690834415811,0.12180729298519771,32
0756_20180925_28_timeseries.mat,0.3158479939610156,2.8384499667467193,18,0.901483492590487,7.819352364791265,17,0.2641973118773355,2.8439857701443128,15,0.9634839911013842,10.228037012677218,18
0756_20180925_32_timeseries.mat,0.04925378644838929,-0.19684100203566293,16,0.13274530601687728,0.6363121691016326,8,0.032084200860614455,-0.5113962198364292,6,0.07318829101998181,-0.07961433715189783,16
0756_20180925_4_timeseries.mat,0.9673556578805843,11.704313638882011,20,1.1201459281891584,16.39473974153283,23,0.36874886907682547,4.334700701889824,25,0.9015711765913736,10.496870882690898,32
0756_20180927_10_timeseries.mat,0.07916896461649107,0.5223982221279367,13,0.175355557257717,0.5788499081536429,31,0.10572859970246402,0.8244752384493443,17,0.12307754208644231,-0.7001007193104468,1
0756_20180927_12_timeseries.mat,0.827510331978963,17.37886220543626,29,0.5860725677048322,2.7638381000554846,28,1.1617618110249168,20.94953579955305,29,1.8584486728844543,19.63019393820109,28
0756_20180927_13_timeseries.mat,0.5999566406129806,10.203637304330096,19,0.2671100102015771,2.946069748291241,18,0.5110914054190895,8.940752077039575,20,0.2734894828250011,4.5356919243925296,29
0756_20180927_14_timeseries.mat,0.10251213495988747,0.49435764393549647,13,0.254562582122162,0.6555361987254097,11,0.14544939506534624,1.0039415752536722,7,0.38868139510353406,-0.009293384137304628,14
0756_20180927_18_timeseries.mat,0.10214563255265253,0.6873153535161755,28,0.056864726211642846,-0.013100669959385415,36,0.07316934255368324,0.14214081305754514,31,0.295864535930256,1.8269906829737008,3
0756_20180927_1_timeseries.mat,0.08585423359724602,1.194357819346669,28,0.1721067090984434,1.206454230765909,26,0.07517990827363974,0.7291933239941196,18,0.3375090193003416,5.655329809562197,33
0756_20180927_25_timeseries.mat,0.19565678734351624,2.1234124151287004,1,0.1972321909852326,1.0582160046760691,33,0.16829621424676589,2.078180389686016,32,0.3003823732336362,1.5687677030774971,34
0756_20180927_26_timeseries.mat,0.4181600739289566,6.377944838816408,11,1.2033534557558596,12.655303521634776,33,0.44798720526644803,6.752432015098332,11,1.3838035746167103,12.979679259963126,1
0756_20180927_27_timeseries.mat,0.18685323464484532,1.154673747483091,3,0.19093859900021926,0.3839222989990958,11,0.1513809480610083,0.857591090973159,5,0.31670067210992175,1.2340911553014948,28
0756_20180927_3_timeseries.mat,0.19512076937916828,1.3388712291357658,2,0.10582679649814963,-0.7850428446472506,10,0.06792079533624928,0.4029232466768917,3,0.2020288624490301,1.2399387490243603,30
0756_20180927_4_timeseries.mat,2.2347651556183386,33.604608512211065,20,0.8500526106145117,12.236267578964485,17,2.3088801144622266,34.867390645350014,20,1.3349128920584916,16.302717357102985,18
0756_20180927_5_timeseries.mat,0.03449755410755468,-0.3170300376397841,14,0.07554118215193739,-0.06613252373729968,17,0.033273488385020755,-0.5207532292968169,15,0.07183799060682455,-0.26690815380619215,19
0756_20180927_8_timeseries.mat,0.03305046291639751,0.04013561284083879,1,0.22602010267291917,1.2823294654888284,34,0.05392722486067214,-0.24828465960446994,38,0.17275249573091667,1.0749663126907156,35
0756_20180928_13_timeseries.mat,0.1070756137737532,0.6376465401860058,39,0.11907392616073291,0.11917499674533856,38,0.16238488431255788,3.7072594058612376,32,0.05377437573458467,-0.7455510350472261,3
0756_20180928_24_timeseries.mat,0.4082161221819741,4.676283622817908,10,0.5908005659778913,2.017079569035559,11,0.3129998007311653,3.501263572068497,10,0.43547515464680536,1.1030110143945508,9
0756_20180928_25_timeseries.mat,2.8853970770193618,31.03023975187876,9,1.6377216783973079,16.10316911669603,9,2.585776405972399,38.40711305808244,10,3.541803012202893,36.56647382079003,11
0756_20180928_33_timeseries.mat,0.4234086234292717,5.277298389022099,11,0.14155060433161756,0.29182297156189124,6,0.3824745285599373,5.863010100193443,8,0.605247149576566,5.40237410384829,9
0756_20180928_44_timeseries.mat,0.25583368399817075,1.917549332027922,17,0.22015981966008744,1.011073567389556,16,0.3033748446233893,2.2904089539369257,16,0.6368353652900883,2.6813865401650436,16
0756_20180928_6_timeseries.mat,0.14643879525976466,0.3878917912285792,17,0.2339824674030145,1.3853403780311861,20,0.17013955421470411,0.7049457240291227,16,0.2826292482869966,-0.15141826957863352,19
0756_20181001_10_timeseries.mat,0.043366624641897486,0.552142890829673,39,0.04184794800732142,-0.37082545722549376,21,0.009096778971224025,-0.14405527048772152,3,0.0368945002779323,0.030967233093482083,29
0756_20181001_15_timeseries.mat,1.7366687630306745,23.979550693796902,16,3.9669263610759606,57.34070279067741,20,1.6253974353041971,25.722548745059264,16,2.7302786906116774,36.97763431488904,15
0756_20181001_1_timeseries.mat,0.02093012860228977,0.1845063694095168,39,0.028065726507450633,-0.20384317856766274,13,0.012870630850979786,-0.14803420528952801,38,0.03572010746159192,0.1299612638093614,34
0756_20181001_22_timeseries.mat,0.04812493395948244,0.3437927059632855,27,0.11647103497615227,0.3214093651853872,25,0.03141601413035844,0.21613932001630115,30,0.08891474374104291,-0.4527128789465807,22
0756_20181001_26_timeseries.mat,0.03283367610200992,-0.3597372565073391,36,0.06541048025918336,-1.4898849837235713,36,0.07306519974208385,1.2038978638837474,32,0.13554774731996336,0.6437994301444893,10
0756_20181001_7_timeseries.mat,0.171136263017401,2.88689358684784,12,0.6579146417587673,11.315919329718804,9,0.17371349614998982,2.2071551000092726,12,0.5591165727070931,7.59454414019863,17
0756_20181001_9_timeseries.mat,0.03883684419640853,0.441862719585205,3,0.0825855965152956,-0.9923717629609223,32,0.036083776015133684,-0.08806708173279033,0,0.11626297820891653,0.11918425822555687,31
0756_20181002_10_timeseries.mat,0.24341107871585105,3.6796682229451534,10,0.46579465436700146,5.213273438710816,20,0.33510977851710094,4.408270906939629,12,0.41336052361875775,3.8464654162637695,11
0756_20181002_13_timeseries.mat,0.44571022598833687,6.509288023667066,13,0.657781891969008,6.68083940674076,5,0.4850701578189024,7.745294451715189,14,0.3363220958650345,2.038579515989598,20
0756_20181002_14_timeseries.mat,0.20307163814161444,1.8446373341552906,6,0.17222075203531667,-0.20578650514321523,6,0.18264982062987142,1.9786084265016555,11,0.16318438686430453,0.5140637631295248,38
0756_20181002_22_timeseries.mat,0.14700642553597532,0.7056688048527953,14,0.11866738811429393,-0.2519098792655041,12,0.0984868081934274,0.43410863724451887,14,0.17327396536711603,0.8379423277064537,19
0756_20181002_23_timeseries.mat,0.04911638397607021,-0.43688114927902644,0,0.06241864876478518,-0.025586118565881458,18,0.05185904304314881,-0.40377482458392766,0,0.11139990919036791,0.4046376348279107,4
0756_20181002_24_timeseries.mat,0.24172224655655594,3.890500719513921,11,0.673686895470478,5.465049608428799,19,0.3112894411205797,5.497514062134549,31,0.8265435898676514,2.7201596015986675,24
0756_20181002_25_timeseries.mat,3.134971889470455,60.76336742039856,12,10.60357522096877,136.4154103741442,15,3.391407997981134,70.50969002370833,12,5.746729683876038,89.89421461095723,1
0756_20181002_34_timeseries.mat,0.04760475504797437,-0.14446774736213014,29,0.14809317867222585,1.0440393243497645,12,0.13631465319628105,0.2741146643526819,38,0.31892402679659426,2.119578254830776,35
0756_20181002_39_timeseries.mat,0.9952821706119978,16.100313039036205,14,0.46989266917501626,5.396024399049979,13,0.732392625939241,15.721681637658984,15,1.2080233560875058,10.328607370487104,14
0756_20181002_3_timeseries.mat,0.7798622906270345,13.269193832315324,12,2.0571908702779758,16.96074698755942,21,0.8262897107756304,15.271756657100466,11,0.6348091632127761,8.35289516709551,9
0756_20181002_46_timeseries.mat,0.4616591995975501,6.652649311093761,19,1.03024302736709,9.8453403949133,0,0.5377774421279704,8.460061227658121,13,0.7514013566076756,3.842970045054487,14
0756_20181002_48_timeseries.mat,0.6945472606211822,6.806687977701082,12,0.415193425981622,0.8434482910016777,0,0.9933711949287725,9.250608989965832,9,0.7298066246323287,3.8200291070970693,2
0756_20181002_5_timeseries.mat,0.8189173642247521,10.966885447221893,10,2.2093681524458684,13.067470135299994,26,0.4386654082769738,3.2542902823227915,10,0.4870616402477026,1.344376928064351,0
0756_20181002_6_timeseries.mat,0.1992748002128177,1.5441393450320235,15,0.24610603961015218,3.1749152857565175,2,0.26553702957339975,1.9223746436275775,12,0.16493620160035788,0.7778633420394422,15
0756_20181002_8_timeseries.mat,0.43643911985654227,5.371981838650967,20,0.48238638729641314,3.9091358755249526,14,0.36240949302614045,5.545609532436802,11,0.5023848926648498,2.8420803664630516,19
1140_20190611_11_timeseries.mat,0.1402280300834708,0.806132867137905,6,0.1432584336156572,0.6904290172286615,14,0.1512638263369876,-0.07458774501522122,0,0.12550212442262196,1.3438614427155204,12
1140_20190611_13_timeseries.mat,0.1022488565257426,1.5446677369028845,34,0.0739993152168134,0.26221597652318823,19,0.10078733382073955,0.8663167451712429,18,0.03157744279106785,-0.15073209462593296,35
1140_20190611_14_timeseries.mat,0.0922614023131266,-0.2456883939910371,36,0.14411714700880743,1.1492962622160912,30,0.12268374629180741,-0.2253132678707954,2,0.06274053251821131,0.5313561690940365,34
1140_20190611_15_timeseries.mat,0.12335497811515135,-0.28208414619537386,26,0.13536436058094967,1.439336998396818,4,0.13733671219260604,-1.123129136587567,35,0.16972871875929596,1.4865355297465848,15
1140_20190611_17_timeseries.mat,0.03399571385810131,-3.227597753357203,2,0.08815822377800941,0.766820050653157,5,0.04384930092082531,-3.38104921068427,39,0.14479949794047953,2.0557234458128253,27
1140_20190611_29_timeseries.mat,0.9683644307379642,23.305382620462687,18,0.1247123310180462,-2.3686392239714205,33,1.2062254962683827,24.646433169937175,16,0.09474593250227994,-1.4183213530572845,14
1140_20190611_4_timeseries.mat,0.1667798139217697,1.3503719575014983,27,0.035644007029275046,-0.004285836802950311,32,0.22764692290500668,3.3593985530106796,25,0.029125174798130166,0.01174159162112695,9
1140_20190611_65_timeseries.mat,0.4112737395518114,5.205829674764943,8,0.076352978327676,-0.39276029830132064,14,0.3930241016369783,4.80799543871803,8,0.03880653836868556,-0.25606729900452285,10
1140_20190611_71_timeseries.mat,0.27166131282162465,3.911163374696272,10,0.059410223428605365,-0.6323388515185163,30,0.3158602366198061,3.6980815229125046,10,0.024402615791921944,-0.27448999454415907,12
1140_20190611_73_timeseries.mat,0.08452202597818745,0.09921933619492102,7,0.0754201749096746,0.7411803723480789,27,0.067476971273276,0.5570380648245595,32,0.047797344098063674,0.4296217398836585,26
1140_20190612_10_timeseries.mat,0.06320013973682664,0.4873489450564221,7,0.09065620032796527,0.5813979661474079,12,0.04533403841848612,0.32326122510012556,7,0.05306056504034334,0.9311521334460131,9
1140_20190612_11_timeseries.mat,0.16065631803133887,1.5865187875081923,29,0.16981852793490843,0.758779809479807,37,0.1898445044167065,2.94132048773712,23,0.06662163296484469,0.31898137674298166,22
1140_20190612_12_timeseries.mat,0.18230636785284532,0.4949830164208925,39,0.10341499680105377,1.5122451191204804,35,0.21498868212484262,3.2150938679502303,27,0.20808786861483514,2.4248138791444944,22
1140_20190612_13_timeseries.mat,0.09939176212345713,0.38633768497586374,3,0.2509412989842103,1.6632342799630881,9,0.07806297268876246,0.504944005856376,32,0.17714844999351986,1.2111572978318401,25
1140_20190612_14_timeseries.mat,2.690430337055958,38.09657182267408,9,0.8367583703468827,6.073536796493035,12,1.6678738502098205,30.40316579554198,10,0.40637134152384086,1.3674913350035616,11
1140_20190612_15_timeseries.mat,0.0720244368102796,1.0871042610614265,27,0.07835372121018522,0.18067383484979954,10,0.037495200119740384,0.26561502648808144,5,0.07262413914712076,0.7142332728947737,18
1140_20190612_16_timeseries.mat,0.015108764069258703,-0.519386402367493,0,0.09213884667876888,0.8694356422625679,29,0.02591137299594047,0.30858360671838103,33,0.05704772246018466,0.38083321987595603,26
1140_20190612_18_timeseries.mat,0.059239365220859104,0.8942449061797562,26,0.07599897076279911,0.16179775957485332,39,0.04670502317804064,0.5197116302293904,20,0.03427718806275983,0.12402066653064993,16
1140_20190612_19_timeseries.mat,0.22744010784103044,3.9344929245471425,9,0.07529887932297938,-0.6530784659034016,12,0.23858182529423924,2.895395960565341,12,0.0660277148536234,-0.3023861098649552,11
1140_20190612_22_timeseries.mat,1.45252173219943,35.582503168601875,13,0.7324787704274058,11.739024762971573,8,1.3573075023510295,23.32985738134187,12,0.2862664134828029,2.902056777769069,6
1140_20190612_23_timeseries.mat,0.18477367758510432,3.896412899937164,38,0.10113561860121348,-0.2540352601337837,1,0.3991850369795648,5.172920802395817,22,0.12171414513198406,0.9626496432411044,1
1140_20190612_26_timeseries.mat,0.09158212195386664,1.950361326734657,1,0.3403777387951884,3.8505372467225953,16,0.20281539207322477,2.186539725205236,24,0.23883049553375185,2.874383233399875,27
1140_20190612_39_timeseries.mat,0.203265685099505,2.570211474646944,11,0.07126272656023502,-0.31117714150847553,9,0.17936385892387421,1.9431877223490404,16,0.05786391869144238,-0.15957526105595343,13
1140_20190612_43_timeseries.mat,0.10681200886534378,0.35465199084429067,6,0.250828332034871,1.5760939275854733,4,0.12739286012518158,0.26942000051228554,5,0.12192481261804516,0.8102688888126675,9
1140_20190612_46_timeseries.mat,0.30990570455452343,6.82189893224526,30,0.4553998948677498,3.1212361040399585,38,0.44434978688776505,7.108949749389845,20,0.208844076336166,1.6496197507580657,5
1140_20190612_47_timeseries.mat,0.08226808291114429,0.306060913518693,38,0.07755556013709043,-0.9929463907627745,18,0.07120332894166118,0.18324030357401225,36,0.07814366394010039,0.3778738530347381,4
1140_20190612_49_timeseries.mat,0.10657167173878337,0.3172442989736092,1,0.08929620132617214,0.9673156494579468,29,0.1258447849210273,0.8367932160533774,1,0.13821146944794663,1.9401374477795803,23
1140_20190612_4_timeseries.mat,0.13748517352322492,1.7814388130566716,26,0.09745434414157096,0.017079494674986845,7,0.1169002461527847,1.766297169087549,19,0.10499446898882772,0.11114791606817837,11
1140_20190612_64_timeseries.mat,0.03566770038960727,-0.28584767610657863,5,0.04640559402897077,-0.0300102211465356,2,0.027164912186696605,0.19114677081941867,1,0.028196880918709033,0.3445595098689218,36
1140_20190612_67_timeseries.mat,0.042942876625858564,-0.22049478855625138,9,0.06635030130307902,0.27619975556473375,9,0.046610492306425555,0.40842746003568675,10,0.1395698076841295,1.4496854148069191,23
1140_20190612_69_timeseries.mat,0.0864713571390723,0.5994542328011738,11,0.11555178237476331,1.0142875188752192,9,0.05249824796553925,0.1944218674319818,18,0.049452640803208874,0.6466292197597315,11
1140_20190612_8_timeseries.mat,0.17152863226343437,0.9294638438417185,7,0.12221514216713224,1.4750286051950716,37,0.13689920162595046,0.8431836308407081,10,0.09950755588296387,0.7607330177925475,38
1140_20190612_9_timeseries.mat,0.06403829566034105,0.36313642226069837,11,0.07261048827101202,0.32053586274075,1,0.07156541922557183,0.328877711763907,0,0.11131288178687639,0.660832810353985,6
1140_20190613_105_timeseries.mat,0.09523153243727782,0.7767944079991668,15,0.21566121028188398,1.8663565355430667,4,0.06500745727385901,0.5537630072390378,2,0.13256874852827008,2.465958294070746,21
1140_20190613_10_timeseries.mat,0.05253158876907297,0.48506170181093194,33,0.07787616567357498,0.2663579634691083,0,0.03981188477217397,0.3059505510261763,20,0.09748794859148223,0.47659851398323855,9
1140_20190613_11_timeseries.mat,0.06129582183660075,-0.06068119723574582,36,0.10028346792301711,0.019321420704905987,35,0.07093662838156842,0.2641648741916051,28,0.06725777825869789,0.6848723457008998,17
1140_20190613_12_timeseries.mat,0.08068178005617353,0.07797517800970258,38,0.12070938638027977,0.9128783095386063,27,0.08543658591482695,0.4063311859666978,2,0.09302698043492538,0.8446308137497521,13
1140_20190613_13_timeseries.mat,0.17403243760106438,0.6159618103850635,10,0.1486324824132573,1.494190817741636,38,0.15536187572664098,0.4009935727339832,10,0.14950112941865387,2.349718294313127,9
1140_20190613_14_timeseries.mat,0.05429037930610191,-0.15698214748223493,0,0.19728832111200867,0.8130002603010166,32,0.09134917202275954,0.968406116998647,19,0.1111169511939145,0.8553375996963783,27
1140_20190613_15_timeseries.mat,0.062597936239659,0.5629075416052816,6,0.42397738971254406,3.975274751195684,5,0.06675077735187038,0.606692558144701,19,0.07758678718131375,0.8545634847789849,1
1140_20190613_16_timeseries.mat,0.1517535214635635,1.2389938907682725,36,0.18447180130683324,1.0097655404242687,27,0.14662890004058945,2.133845257235311,14,0.08673392617228357,0.03189716659857589,29
1140_20190613_32_timeseries.mat,0.467653817615688,8.892065680665514,26,0.212577680564102,-0.5192158761264201,39,0.18795990767370013,1.6743606326886442,21,0.021561941094908187,-1.0674972536576344,21
1140_20190613_43_timeseries.mat,0.11110572002196152,1.3770999057768503,36,0.11472647092031206,0.45969304086739776,12,0.12597918613737188,1.390092386105891,20,0.12516460241749883,0.8663502996460011,16
1140_20190613_72_timeseries.mat,0.021403001735702025,-0.049967185198078176,5,0.09355749707559452,0.6077742337993364,38,0.05515995111737895,0.2751639734755149,34,0.0453121243018276,0.3339310129429743,1
1140_20190613_7_timeseries.mat,0.041170575910655316,0.6054270422127522,34,0.08069837800062754,0.004903676820343681,8,0.0710106296346912,0.4355097578164659,7,0.04151113980333321,-0.06676327963241692,18
1140_20190613_81_timeseries.mat,0.22490440527326427,4.111198987803618,24,0.21657480770612464,0.008167804017955157,10,0.15735665375154606,1.7779121918931406,13,0.06238324910571629,-2.1846844657640863,11
1140_20190613_8_timeseries.mat,0.24816140456407862,3.3911772525752464,39,0.33345021789564805,-0.0005639540625041895,6,0.4958926428969997,4.747163788400632,19,0.15058719919232483,-0.17764340714458018,8
1140_20190613_99_timeseries.mat,0.07332195214985404,0.317337556841743,7,0.09426356802749283,0.4383757307479005,7,0.06948027146178522,0.20849989180464848,7,0.042472237911583346,-0.148444342625887,34
1140_20190613_9_timeseries.mat,0.07990188136006639,0.327708253769396,28,0.14833661891958294,0.872850459741255,5,0.146021453970218,1.0292591860351834,17,0.09749429639090192,0.42938707598196657,8
1140_20190614_10_timeseries.mat,0.05279811584199813,-0.021163317491871073,29,0.10877702958308734,1.299198065373975,7,0.12004103836032652,1.1343174891411907,37,0.11274237478957386,0.4352372811513264,6
1140_20190614_12_timeseries.mat,0.07813926687027989,1.304755231536814,26,0.10907969451867618,0.8290963230500867,19,0.06464551448801993,0.6425111569728332,6,0.0625299106035822,0.004973723025491291,14
1140_20190614_13_timeseries.mat,0.0366323809053831,-0.3259772116638773,2,0.1305395636792617,1.2233548836266912,35,0.0420158196105941,-0.1053565773422747,10,0.06225682842361149,0.41460022622030357,28
1140_20190614_14_timeseries.mat,0.2638353367253919,4.057964237402908,24,0.23109964395944887,-0.7174857423492887,12,0.21450439673568053,2.020186612868638,17,0.15640941257525637,0.6011313804399603,8
1140_20190614_15_timeseries.mat,0.12683278946069015,1.2464016764946362,27,0.09730439317914155,-0.9380040788897672,10,0.17768152087165784,1.5339517354247316,20,0.048706012749666905,-0.24393779567002932,12
1140_20190614_16_timeseries.mat,0.043349874139119705,-0.08881719287983644,2,0.07764926968285671,0.6428440641503607,25,0.05811079550955084,0.10935675901711098,2,0.06382796163293156,0.8167754789099074,30
1140_20190614_17_timeseries.mat,0.5333165657194674,7.932347050395679,9,0.45955983846663284,1.3481141034810715,7,0.3953702528648058,6.787112029354248,10,0.1542006541874159,0.10538770239895917,10
1140_20190614_18_timeseries.mat,0.15626686064505896,1.6336797775700187,30,0.11205116623582748,0.22339373189233572,19,0.11358851757180947,1.3790778516537805,30,0.14009233923138095,0.32287289778980416,11
1140_20190614_19_timeseries.mat,0.18038402200566933,3.7814612272486734,31,0.13406231166579977,-0.13284005515780362,10,0.1583242375323529,1.8359253160540177,20,0.062337996142387796,-0.6368018636805227,9
1140_20190614_20_timeseries.mat,0.0776225929696332,1.2456690024228723,32,0.13599296619829077,0.6300683041282844,7,0.07402152751487309,0.5844474013405664,22,0.04817319551728213,0.02960894489590394,10
1140_20190614_21_timeseries.mat,0.040012588460847515,-0.04739864947606855,31,0.21968470054427877,1.6068245018586118,9,0.08685538657347582,0.8380363653860418,29,0.1441278438763441,1.0283404210643206,8
1140_20190614_22_timeseries.mat,0.10256171161617043,1.1002485585451909,12,0.08208930918660301,0.21706772627135834,4,0.09064267950523044,0.4586791223094071,7,0.04834880423381824,0.6290706337869353,33
1140_20190614_23_timeseries.mat,0.020120592859765404,-0.15117742573241566,2,0.07618376990565313,0.5321704955909073,4,0.01874543244322081,0.05131450754437354,3,0.06726616094159465,0.8080928305813964,16
1140_20190614_24_timeseries.mat,3.8373434025355997,76.21364456993273,21,0.6432839226192579,5.629412239271915,11,3.7564015886145494,53.254937802543836,17,0.23536469890559847,-1.1288305650956352,13
1140_20190614_25_timeseries.mat,5.084144973675446,82.22251027810539,15,0.28526181791228455,-0.886997799457999,4,3.529385375159402,37.06876324167751,12,0.19815238555138176,-1.724033934651735,13
1140_20190614_26_timeseries.mat,0.47689308665062796,-1.4871602806090949,0,0.5642153589198222,6.256491801534139,1,0.5202652799486313,2.4481545685074675,0,0.9072403577502465,14.142440401328042,36
1140_20190614_29_timeseries.mat,0.04627543359674746,-0.7585794715159327,3,0.09573523628597076,0.7664016426155844,27,0.06043270591055594,0.09675955790550678,29,0.1094403311899687,1.7336187079733816,4
1140_20190614_30_timeseries.mat,0.08581289076177842,0.5324620956965317,38,0.29220547899603844,0.8497084646235004,19,0.2194767736307826,2.2170745792265545,37,0.06094443510487877,-0.19086403207968017,7
1140_20190614_44_timeseries.mat,0.11297060978947282,1.4391984558908995,6,0.12273221771017863,0.7672486849597845,5,0.1421087145534975,0.9512306761281776,6,0.06404497426253353,0.20619590107329516,10
1140_20190614_45_timeseries.mat,0.08743794379509329,0.4663352969653394,24,0.17329937807069376,0.9933418823773257,26,0.0888566097741576,0.0006922601763802751,6,0.07783083468943054,0.6366247373098631,39
1140_20190614_46_timeseries.mat,0.2933561899391113,0.6042279379452175,8,0.2845943027104323,4.451286964226126,12,0.3288787457170666,1.6014138640304705,10,0.3163078484704366,3.951200670818195,11
1140_20190614_55_timeseries.mat,0.04473474540110842,0.015029662365818429,2,0.08801071738036206,0.3524894834543095,5,0.034259094186978395,0.2116580609194425,29,0.049617679509832965,-0.08758249778045801,28
1140_20190614_56_timeseries.mat,2.2833423092653153,32.138047796298856,15,0.2154968181051887,-0.5651442641516881,10,1.8532255596270966,13.769044684535185,11,0.13532446469872486,-0.9635820037982664,13
1140_20190614_57_timeseries.mat,0.17721878379062914,0.8938350333109172,5,0.20582590158133265,2.7273115468418925,6,0.08551424645013878,0.3639046060117547,39,0.09765634447418002,1.549686040292792,6
1140_20190614_58_timeseries.mat,0.051058402773752974,0.02201729220881285,0,0.14623233278577502,0.5462215249583375,26,0.04171391433700719,-0.00505676507368482,17,0.10615358773518253,1.231325811050074,28
1140_20190614_6_timeseries.mat,0.3313042550820255,3.8657690713752544,22,0.20730839354487565,1.2948187868411576,12,0.22626518772073811,2.4735209471246407,21,0.05712489684024272,-0.2081574104537029,16
1140_20190614_71_timeseries.mat,0.05212277253432309,-0.10026983814393184,36,0.18055912751991016,0.5397739126503718,32,0.10500339248407912,0.21858290034350658,4,0.06978491698769299,0.9083165856731525,4
1140_20190614_72_timeseries.mat,0.10462754552966491,1.623933632784152,30,0.136187331043542,0.2681875961589422,12,0.16299940009791686,1.3981743072905228,20,0.20419697561049582,0.8049023756680685,9
1140_20190614_73_timeseries.mat,0.039843868905924916,0.39627899573056036,20,0.07267721445084764,0.322009662767717,26,0.037237482195499765,0.1695737251922478,19,0.02287490344039995,-0.10173677964722044,30
1140_20190614_74_timeseries.mat,0.04045078995199326,0.3162907325175843,2,0.07229788662292637,-0.15932889806143252,4,0.057333723467934916,0.266061558704769,20,0.024069245785122383,-0.31196795801682464,9
1140_20190614_7_timeseries.mat,0.19901569340521852,3.0101619551102936,26,0.10335242726768439,-0.09914967017949752,33,0.12198403816650151,1.4204202691820187,22,0.05886557631546984,-0.9562829319893187,9
1140_20190614_80_timeseries.mat,0.05479598072869361,0.733749262644172,8,0.07472759406440534,0.14061233456987585,23,0.05646093571508524,0.6631868023799413,1,0.05105441257229678,0.4874778252191604,3
1140_20190614_8_timeseries.mat,0.12368145237526144,0.8674779153012315,21,0.36021637201953965,0.019425557331814003,37,0.11529947615914568,0.8879846668459905,10,0.07533304923453142,0.1388388749711905,26
1140_20190614_9_timeseries.mat,0.32844426934710047,2.5436364637335984,7,0.5234641245064827,1.771383793675341,6,0.18023371675442304,1.578616896850778,6,0.36241154979310325,1.9562919356922879,9
